{  
    "DL_ENTITYDATA":{  
       "Root":{  
          "Exformation":[  
             {  
                "DL_Id":"30",
                "DL_Created":"2017-08-29T11:13:54",
                "DL_UserId":"14",
                "DL_FullName":"Omer Saleem",
                "ProfileImage":null,
                "DL_Name":"Omer Saleem",
                "DL_URLImage":null,
                "DL_Description":"test",
                "DL_URLDocument":null,
                "DL_sAMAccountNameForeign":"omer",
                "DL_EntityId":"0",
                "DL_EntityNameForeign":null,
                "DL_LastModified":"2017-09-13T14:53:42",
                "DL_Location":null,
                "DL_Latitude":null,
                "DL_Longitude":null,
                "DL_EntityDescription":null,
                "DL_CaseTitle":null,
                "DL_CaseNo":null,
                "LikesCount":"1",
                "SubCommentsCount":"2"
             },
             {  
                "DL_Id":"1",
                "DL_Created":"2017-07-18T15:32:13.063",
                "DL_UserId":"1",
                "DL_FullName":"Administrator",
                "ProfileImage":null,
                "DL_Name":"Administrator",
                "DL_URLImage":null,
                "DL_Description":"Currently I'm...",
                "DL_URLDocument":null,
                "DL_sAMAccountNameForeign":"Administrator",
                "DL_EntityId":null,
                "DL_EntityNameForeign":null,
                "DL_LastModified":"2017-07-18T15:32:13.063",
                "DL_Location":null,
                "DL_Latitude":null,
                "DL_Longitude":null,
                "DL_EntityDescription":null,
                "DL_CaseTitle":null,
                "DL_CaseNo":null,
                "LikesCount":"1",
                "SubCommentsCount":"0"
             },
             {  
                "DL_Id":"2",
                "DL_Created":"2017-07-18T15:32:13.063",
                "DL_UserId":"2",
                "DL_FullName":"ahtesham ul. haq",
                "ProfileImage":null,
                "DL_Name":"ahtesham ul. haq",
                "DL_URLImage":null,
                "DL_Description":"Currently I'm...",
                "DL_URLDocument":null,
                "DL_sAMAccountNameForeign":"ahtesham",
                "DL_EntityId":null,
                "DL_EntityNameForeign":null,
                "DL_LastModified":"2017-07-18T15:32:13.063",
                "DL_Location":null,
                "DL_Latitude":null,
                "DL_Longitude":null,
                "DL_EntityDescription":null,
                "DL_CaseTitle":null,
                "DL_CaseNo":null,
                "LikesCount":"0",
                "SubCommentsCount":"0"
             },
             {  
                "DL_Id":"3",
                "DL_Created":"2017-07-18T15:32:13.063",
                "DL_UserId":"3",
                "DL_FullName":"abdul wakeel",
                "ProfileImage":null,
                "DL_Name":"abdul wakeel",
                "DL_URLImage":null,
                "DL_Description":"Currently I'm...",
                "DL_URLDocument":null,
                "DL_sAMAccountNameForeign":"aw",
                "DL_EntityId":null,
                "DL_EntityNameForeign":null,
                "DL_LastModified":"2017-07-18T15:32:13.063",
                "DL_Location":null,
                "DL_Latitude":null,
                "DL_Longitude":null,
                "DL_EntityDescription":null,
                "DL_CaseTitle":null,
                "DL_CaseNo":null,
                "LikesCount":"0",
                "SubCommentsCount":"0"
             },
             {  
                "DL_Id":"4",
                "DL_Created":"2017-07-18T15:32:13.063",
                "DL_UserId":"4",
                "DL_FullName":"eva smidt",
                "ProfileImage":null,
                "DL_Name":"eva smidt",
                "DL_URLImage":null,
                "DL_Description":"Currently I'm...",
                "DL_URLDocument":null,
                "DL_sAMAccountNameForeign":"eva",
                "DL_EntityId":null,
                "DL_EntityNameForeign":null,
                "DL_LastModified":"2017-07-18T15:32:13.063",
                "DL_Location":null,
                "DL_Latitude":null,
                "DL_Longitude":null,
                "DL_EntityDescription":null,
                "DL_CaseTitle":null,
                "DL_CaseNo":null,
                "LikesCount":"0",
                "SubCommentsCount":"0"
             }
          ],
          "Childs":[  
             {  
                "DL_ProfileParent":"30",
                "DL_Id":"31",
                "DL_Created":"2017-08-29T11:42:25",
                "DL_UserId":"14",
                "DL_FullName":"Omer Saleem",
                "ProfileImage":null,
                "DL_Name":"Omer Saleem",
                "DL_URLImage":null,
                "DL_Description":"reply",
                "DL_URLDocument":null,
                "DL_sAMAccountNameForeign":"omer",
                "DL_LastModified":"2017-08-29T11:42:25",
                "DL_Location":null,
                "DL_Latitude":null,
                "DL_Longitude":null,
                "LikesCount":"1",
                "SubCommentsCount":"0"
             },
             {  
                "DL_ProfileParent":"30",
                "DL_Id":"33",
                "DL_Created":"2017-09-13T14:53:42",
                "DL_UserId":"14",
                "DL_FullName":"Omer Saleem",
                "ProfileImage":null,
                "DL_Name":"Omer Saleem",
                "DL_URLImage":null,
                "DL_Description":"reply 2",
                "DL_URLDocument":null,
                "DL_sAMAccountNameForeign":"omer",
                "DL_LastModified":"2017-09-13T14:53:42",
                "DL_Location":null,
                "DL_Latitude":null,
                "DL_Longitude":null,
                "LikesCount":"0",
                "SubCommentsCount":"0"
             }
          ],
          "Likers":[  
             {  
                "DL_Id":"3",
                "DL_Name":"Omer Saleem",
                "DL_URLImage":null,
                "DL_Created":"2017-08-29T11:42:32",
                "DL_sAMaccountnameForeign":"omer",
                "DL_ProfileParent":"1"
             },
             {  
                "DL_Id":"2",
                "DL_Name":"Omer Saleem",
                "DL_URLImage":null,
                "DL_Created":"2017-08-29T11:42:30",
                "DL_sAMaccountnameForeign":"omer",
                "DL_ProfileParent":"30"
             },
             {  
                "DL_Id":"1",
                "DL_Name":"Omer Saleem",
                "DL_URLImage":null,
                "DL_Created":"2017-08-29T11:42:28",
                "DL_sAMaccountnameForeign":"omer",
                "DL_ProfileParent":"31"
             }
          ],
          "CurrentUser":{  
             "DL_FullName":"Omer Saleem",
             "DL_URLImage":null,
             "DL_ID":"14"
          }
       }
    }
 }