{ "DL_ENTITYDATA": { "DL_WidgetMenu": [{ "DL_PageWidgetId": "1", "DL_Title": "TEst", "DL_CssClass": "fa fa-refresh", "DL_Type": "row", "DL_Action": "loading()" }, { "DL_PageWidgetId": "2", "DL_Title": "Test", "DL_CssClass": "fa fa-trash", "DL_Type": "test", "DL_Action": "EXCreateDoc('DL_OrganisationAddress',DL_Id,'http://sagssystem/Administration/Skabeloner/FEA/OrganisationLabel.dot','','DL_OrganisationAddressLabelView','','',1)" }, { "DL_PageWidgetId": "3", "DL_Title": "ab", "DL_CssClass": "fa fa-address-card-o", "DL_Type": "fe", "DL_Action": "EXCreateDoc('DL_OrganisationAddress',DL_Id,'http://sagssystem/Administration/Skabeloner/FEA/OrganisationLabel.dot','','DL_OrganisationAddressLabelView','','',1)" }] } }