{  
    "DL_ENTITYDATA":{  
       "DL_CMSView":[  
          {  
             "#whitespace":[  
                "\r\n  ",
                "\r\n  ",
                "\r\n  ",
                "\r\n  ",
                "\r\n  ",
                "\r\n  ",
                "\r\n  ",
                "\r\n  ",
                "\r\n  ",
                "\r\n  ",
                "\r\n  ",
                "\r\n  ",
                "\r\n  ",
                "\r\n"
             ],
             "DL_Page":"Activities",
             "DL_PageTitle":"default.aspx",
             "DL_PageWidgetId":"1",
             "DL_PageID":"2",
             "DL_WebPart":"1",
             "DL_WebPartType":"list",
             "DL_Zone":"left",
             "DL_View":"DL_D410",
             "DL_Where":"DL_Id",
             "DL_OrderBy":"DL_Id",
             "DL_Column1":"DL_Id",
             "DL_PageTemplate":"3-col",
             "DL_Sequence":"1"
          },
          {  
             "#whitespace":[  
                "\r\n  ",
                "\r\n  ",
                "\r\n  ",
                "\r\n  ",
                "\r\n  ",
                "\r\n  ",
                "\r\n  ",
                "\r\n  ",
                "\r\n  ",
                "\r\n  ",
                "\r\n  ",
                "\r\n  ",
                "\r\n  ",
                "\r\n  ",
                "\r\n"
             ],
             "DL_Page":"Activities",
             "DL_PageTitle":"default.aspx",
             "DL_PageWidgetId":"5",
             "DL_PageID":"2",
             "DL_WebPart":"ActivityStream",
             "DL_WebPartType":"detail",
             "DL_Zone":"center",
             "DL_View":"Exformation",
             "DL_Where":"DL_Id",
             "DL_OrderBy":"DL_Id",
             "DL_Column1":"DL_Id",
             "DL_PageTemplate":"3-col",
             "DL_ComponentName":"app-activity-stream",
             "DL_Sequence":"1"
          },
          {  
             "#whitespace":[  
                "\r\n  ",
                "\r\n  ",
                "\r\n  ",
                "\r\n  ",
                "\r\n  ",
                "\r\n  ",
                "\r\n  ",
                "\r\n  ",
                "\r\n  ",
                "\r\n  ",
                "\r\n  ",
                "\r\n  ",
                "\r\n  ",
                "\r\n  ",
                "\r\n"
             ],
             "DL_Page":"Activities",
             "DL_PageTitle":"default.aspx",
             "DL_PageWidgetId":"2",
             "DL_PageID":"2",
             "DL_WebPart":"Information",
             "DL_WebPartType":"detail",
             "DL_Zone":"center",
             "DL_View":"Exformation",
             "DL_Where":"DL_Id",
             "DL_OrderBy":"DL_Id",
             "DL_Column1":"DL_Id",
             "DL_PageTemplate":"3-col",
             "DL_ComponentName":"DynamicIframeWidget",
             "DL_Sequence":"2"
          }
       ],
       "#whitespace":[  
          "\r\n",
          "\r\n"
       ]
    }
 }