﻿{
    "DL_ENTITYDATA": {
        "DL_CMSView": [{
                "DL_Page": "organization.html",
                "DL_PageTitle": "Organization",
                "DL_PageID": "1",
                "DL_WebPart": "Recent",
                "DL_WebPartType": "List",
                "DL_Zone": "Right",
                "DL_View": "_DL_Organisation",
                "DL_Where": "DL_ModifiedBy=%WUSER%",
                "DL_OrderBy": "DL_Modified dESC",
                "DL_Column1": "DL_Title",
                "DL_Column2": "DL_CaseNo",
                "DL_Action1": "EXGotoObject(\"DL_Organisation\",DL_Id)",
                "DL_Action2": "EXGotoObject(\"DL_Organisation\",DL_Id)",
                "DL_ActionIcon1": "fa fa-plus",
                "DL_ActionIcon2": "fa fa-minus",
                "DL_PageTemplate": "3-col"
            },
            {
                "DL_Page": "organization.html",
                "DL_PageTitle": "Documents",

                "DL_PageID": "1",
                "DL_WebPart": "Latest Docs",
                "DL_WebPartType": "List",
                "DL_Zone": "Center",
                "DL_View": "DL_OrganistionRecent",
                "DL_Where": "DL_ModifiedBy=%WUSER%",
                "DL_OrderBy": "DL_Modified dESC",
                "DL_Column1": "DL_Title",
                "DL_Column2": "DL_CaseNo",
                "DL_Action1": "EXGotoObject(\"DL_Organisation\",DL_Id)",

                "DL_Action2": "EXGotoObject(\"DL_Organisation\",DL_Id)",
                "DL_ActionIcon1": "fa fa-plus",
                "DL_ActionIcon2": "fa fa-minus",
                "DL_PageTemplate": "3-col"
            },
            {
                "DL_Page": "organization.html",
                "DL_PageTitle": "Organization",

                "DL_PageID": "1",
                "DL_WebPart": "Organisation",
                "DL_WebPartType": "Detail",
                "DL_Zone": "Left",
                "DL_View": "DL_OrganisationView",
                "DL_Where": "DL_Id=%DL_Id%",
                "DL_OrderBy": "DL_Modified dESC",
                "DL_Column1": "DL_Title",
                "DL_Column2": "DL_OrganisationType",
                "DL_Action1": "EXGotoObject(\"DL_Organisation\",DL_Id)",
                "DL_Action2": "EXGotoObject(\"DL_Organisation\",DL_Id)",
                "DL_ActionIcon1": "fa fa-plus",
                "DL_ActionIcon2": "fa fa-minus",
                "DL_PageTemplate": "3-col",
                "DL_ComponentName": "app-organization"
            },
            {
                "DL_Page": "organization.html",
                "DL_PageTitle": "Organization",

                "DL_PageID": "1",
                "DL_WebPart": "Adresser",
                "DL_WebPartType": "List",
                "DL_Zone": "Left",
                "DL_View": "DL_OrganisationAddressView",
                "DL_Where": "DL_Organisation=%DL_Id%",
                "DL_OrderBy": "DL_IsPrimaryAddress DESC",
                "DL_Column1": "DL_Title",
                "DL_Column2": "DL_CaseNo",
                "DL_Action2": "EXGotoObject(\"DL_Organisation\",DL_Id)",
                "DL_ActionIcon1": "fa fa-plus",
                "DL_ActionIcon2": "fa fa-minus",
                "DL_PageTemplate": "3-col",
                "DL_ComponentName": "app-adresser",
                "DL_RelatedActions": [{
                        "DL_Id": "1",
                        "DL_WidgetId": "1",
                        "DL_ActionType": "1-Widget Menu",
                        "DL_ActionScript": "loadEnity()",
                        "DL_IconFAClass": "fa fa-address-card-o",
                        "DL_Tooltip": "Lav adressen primær..."

                    }, {
                        "DL_Id": "2",
                        "DL_WidgetId": "1",
                        "DL_ActionType": "1-Widget Menu",
                        "DL_ActionScript": "loadEnity()",
                        "DL_IconFAClass": "fa fa-trash",
                        "DL_Tooltip": "fLav adressen primær..."

                    },
                    {
                        "DL_Id": "3",
                        "DL_WidgetId": "1",
                        "DL_ActionType": "1-Widget Menu",
                        "DL_ActionScript": "loadEnity()",
                        "DL_IconFAClass": "fa fa-pinterest",
                        "DL_Tooltip": "Vis adressen..."

                    }
                ]
            },
            {
                "DL_Page": "organization.html",
                "DL_PageTitle": "Organization",

                "DL_PageID": "1",
                "DL_WebPart": "My Meetings",
                "DL_WebPartType": "List",
                "DL_Zone": "Left",
                "DL_View": "DL_OrganisationAddressView",
                "DL_Where": "DL_Organisation=%DL_Id%",
                "DL_OrderBy": "DL_IsPrimaryAddress DESC",
                "DL_Column1": "DL_Title",
                "DL_Column2": "DL_CaseNo",
                "DL_Action2": "EXGotoObject(\"DL_Organisation\",DL_Id)",
                "DL_ActionIcon1": "fa fa-plus",
                "DL_ActionIcon2": "fa fa-minus",
                "DL_PageTemplate": "3-col"
            },
            {
                "DL_Page": "fea.html",
                "DL_PageTitle": "FEA",

                "DL_PageID": "2",
                "DL_WebPart": "Adresser",
                "DL_WebPartType": "List",
                "DL_Zone": "Center",
                "DL_View": "DL_OrganisationAddressView",
                "DL_Where": "DL_Organisation=%DL_Id%",
                "DL_OrderBy": "DL_IsPrimaryAddress DESC",
                "DL_Column1": "DL_Title",
                "DL_Column2": "DL_CaseNo",
                "DL_Action2": "EXGotoObject(\"DL_Organisation\",DL_Id)",
                "DL_ActionIcon1": "fa fa-plus",
                "DL_ActionIcon2": "fa fa-minus",
                "DL_PageTemplate": "3-col",
                "DL_RelatedActions": [{
                        "DL_Id": "1",
                        "DL_WidgetId": "1",
                        "DL_ActionType": "1-Widget Menu",
                        "DL_ActionScript": "loadEnity()",
                        "DL_IconFAClass": "fa fa-address-card-o",
                        "DL_Tooltip": "Lav adressen primær..."

                    },
                    {
                        "DL_Id": "3",
                        "DL_WidgetId": "1",
                        "DL_ActionType": "1-Widget Menu",
                        "DL_ActionScript": "loadEnity()",
                        "DL_IconFAClass": "fa fa-pinterest",
                        "DL_Tooltip": "Vis adressen..."

                    }
                ]
            },
            {
                "DL_Page": "fea.html",
                "DL_PageTitle": "FEA",

                "DL_PageID": "2",
                "DL_WebPart": "Test Iframe",
                "DL_WebPartType": "Detail",
                "DL_Zone": "Center",
                "DL_View": "DL_OrganisationAddressView",
                "DL_Where": "DL_Organisation=%DL_Id%",
                "DL_OrderBy": "DL_IsPrimaryAddress DESC",
                "DL_Column1": "DL_Title",
                "DL_Column2": "DL_CaseNo",
                "DL_Action2": "EXGotoObject(\"DL_Organisation\",DL_Id)",
                "DL_ActionIcon1": "fa fa-plus",
                "DL_ActionIcon2": "fa fa-minus",
                "DL_PageTemplate": "3-col",
                "DL_ComponentName": "DynamicIframeWidget"
            }
        ]
    }
}