﻿{
    "DL_ENTITYDATA": {
        "DL_CMSView": [{
                "DL_Page": "DL_Person",
                "DL_PageTitle": "Person.aspx",
                "DL_PageWidgetId": "18",
                "DL_PageID": "2",
                "DL_WebPart": "Mine søgninger",
                "DL_WebPartType": "List",
                "DL_Zone": "Left",
                "DL_View": "DL_D410",
                "DL_Where": "DL_EntityNameForeign='DL_Person' and DL_CreatedBy = %WUSER%",
                "DL_OrderBy": "DL_Title",
                "DL_Column1": "DL_Title",
                "DL_Action1": "EXLoadSearch(DL_Id, DL_Title)",
                "DL_PageTemplate": "1-col",
                "DL_Menu": "EXMenuEEAHarSomMedlemmer"
            },
          {
            "DL_Page": "DL_Person",
            "DL_PageTitle": "Person.aspx",
            "DL_PageWidgetId": "22",
            "DL_PageID": "2",
            "DL_WebPart": "Udvalg (aktive tilknytninger)",
            "DL_WebPartType": "List",
            "DL_Zone": "Right",
            "DL_View": "FEA_PersonUdvalgView",
            "DL_Where": "FEA_Aktivt = 1 AND DL_Person=%DL_Person%",
            "DL_OrderBy": "FEA_Aktivt DESC,DL_Title",
            "DL_Column1": "DL_Title",
            "DL_Column2": "FEA_Rolle",
            "DL_Action1": "loadentity('FEA_UdvalgPerson',DL_Id)",
            "DL_PageTemplate": "1-col",
            "DL_Menu": "EXMenuEEAHarSomMedlemmer"
          },
          {
            "DL_Page": "DL_Person",
            "DL_PageTitle": "Person.aspx",
            "DL_PageWidgetId": "23",
            "DL_PageID": "2",
            "DL_WebPart": "IFrame",
            "DL_WebPartType": "Detail",
            "DL_Zone": "Center",
            "DL_PageTemplate": "1-col",
            "DL_ComponentName": "DynamicIframeWidget",
            "DL_Menu": "EXMenuEEAHarSomMedlemmer"
          },
            {
                "DL_Page": "DL_Person",
                "DL_PageTitle": "Person.aspx",
                "DL_PageWidgetId": "26",
                "DL_PageID": "2",
                "DL_WebPart": "Navnelister (ej i udvalg)",
                "DL_WebPartType": "List",
                "DL_Zone": "Right",
                "DL_View": "DL_PersonNameListNotDefaultUdvalgView",
                "DL_Where": "DL_Person=%DL_Person%",
                "DL_OrderBy": "DL_Title",
                "DL_Column1": "DL_Title",
                "DL_Column2": "FEA_Rolle",
                "DL_PageTemplate": "3-col",
                "DL_Menu": "EXMenuEEAHarSomMedlemmer"
            },
            {
                "DL_Page": "DL_Person",
                "DL_PageTitle": "Person.aspx",
                "DL_PageWidgetId": "27",
                "DL_PageID": "2",
                "DL_WebPart": "Organisationer",
                "DL_WebPartType": "List",
                "DL_Zone": "Right",
                "DL_View": "DL_PersonOrganisationView",
                "DL_Where": "DL_Person=%DL_Person%",
                "DL_OrderBy": "DL_Title",
                "DL_Column1": "DL_Title",
                "DL_Column2": "DL_Role",
                "DL_Action1": "loadentity(\"DL_OrganisationPerson\",DL_Id)",
                "DL_PageTemplate": "3-col",
                "DL_Menu": "EXMenuEEAHarSomMedlemmer"
            },
            {
                "DL_Page": "DL_Person",
                "DL_PageTitle": "Person.aspx",
                "DL_PageWidgetId": "28",
                "DL_PageID": "2",
                "DL_WebPart": "Adresser",
                "DL_WebPartType": "List",
                "DL_Zone": "Right",
                "DL_View": "DL_PersonAddressView",
                "DL_Where": "DL_Person=%DL_Person%",
                "DL_OrderBy": "DL_IsPrimaryAddress DESC",
                "DL_Column1": "DL_Title",
                "DL_Action1": "loadentity(\"DL_Address\",DL_Id)",
                "DL_PageTemplate": "3-col",
                "DL_Menu": "EXMenuEEAHarSomMedlemmer"
            },
            {
                "DL_Page": "DL_Person",
                "DL_PageTitle": "Person.aspx",
                "DL_PageWidgetId": "29",
                "DL_PageID": "2",
                "DL_WebPart": "Kommunikation",
                "DL_WebPartType": "List",
                "DL_Zone": "Center",
                "DL_View": "DL_PersonCommunicationView",
                "DL_Where": "DL_Person=%DL_Person%",
                "DL_OrderBy": "DL_CommunicationTypeDecode",
                "DL_Column1": "DL_CommunicationTypeDecode",
                "DL_Column2": "DL_Title",
                "DL_Action1": "loadentity(\"DL_Communication\",DL_Id)",
                "DL_Action2": "loadentity(\"DL_Communication\",DL_Id)",
                "DL_PageTemplate": "3-col",
                "DL_Menu": "EXMenuEEAHarSomMedlemmer"
            },
          {
            "DL_Page": "DL_Person",
            "DL_PageTitle": "Person.aspx",
            "DL_PageWidgetId": "30",
            "DL_PageID": "2",
            "DL_WebPart": "Person og priaer organisation",
            "DL_WebPartType": "Detail",
            "DL_Zone": "Center",
            "DL_View": "DL_PersonView",
            "DL_Where": "DL_Id=%DL_Person%",
            "DL_OrderBy": "DL_Title",
            "DL_Column1": "DL_Title",
            "DL_Column2": "DL_Title",
            "DL_PageTemplate": "1-col",
            "DL_ComponentName": "app-personorganisation",
            "DL_Menu": "EXMenuEEAHarSomMedlemmer"
          }
        ]
    }
}