﻿{
  "DL_ENTITYDATA": {
    "DL_PageWidgets": [
      {
      "DL_Id": "1",
      "DL_PageID": "1",
      "DL_WebPart": "Mine aktuelle organisationer",
      "DL_WebPartType": "List",
      "DL_Zone": "Left",
      "DL_View": "DL_OrganisationRecent",
      "DL_Where": "DL_ModifiedBy=%WUSER%",
      "DL_OrderBy": "DL_Modified dESC",
      "DL_Column1": "DL_Title",
      "DL_Column2": "DL_CaseNo",
      "DL_Action1": "EXGotoObject(\"DL_Organisation\",%DL_Id%)",
      "DL_Action2": "EXGotoObject(\"DL_Organisation\",%DL_Id%)",
      "DL_ComponentName": "app-recent",
      "DL_Menu": null,
      "DL_Sequence": "2"
    }, {
      "DL_Id": "2",
      "DL_PageID": "1",
      "DL_WebPart": "Organisation",
      "DL_WebPartType": "Detail",
      "DL_Zone": "Center",
      "DL_View": "DL_OrganisationView",
      "DL_Where": "DL_Id=%DL_Organisation%",
      "DL_OrderBy": "DL_Modified dESC",
      "DL_Column1": null,
      "DL_Column2": null,
      "DL_Action1": "EXGotoObject(\"DL_Organisation\",%DL_Id%)",
      "DL_Action2": null,
      "DL_ComponentName": "app-organization",
      "DL_Menu": null,
      "DL_Sequence": "0"
    }, {
      "DL_Id": "3",
      "DL_PageID": "1",
      "DL_WebPart": "Adresser",
      "DL_WebPartType": "List",
      "DL_Zone": "Center",
      "DL_View": "DL_OrganisationAddressView",
      "DL_Where": "DL_Organisation=%DL_Organisation%",
      "DL_OrderBy": "DL_IsPrimaryAddress DESC",
      "DL_Column1": "FullAddress",
      "DL_Column2": null,
      "DL_Action1": "loadentity(\"DL_Address\",%DL_Address%)",
      "DL_Action2": null,
      "DL_Menu": "EXMenuFEAOrganisationAdresser",
      "DL_Sequence": "3"
    }, {
      "DL_Id": "4",
      "DL_PageID": "1",
      "DL_WebPart": "Over organiationer (interne afdelinger og afdelinger)",
      "DL_WebPartType": "List",
      "DL_Zone": "Right",
      "DL_View": "DL_OrganisationOrganisationParentView",
      "DL_Where": "DL_Organisation=%DL_Organisation%\r\n and DL_OrganisationLinkType in ('afd','INTAFD')",
      "DL_OrderBy": "DL_OrganisationLinkType DESC, DL_Title",
      "DL_Column1": "DL_Title",
      "DL_Column2": "DL_OrganisationLinkType",
      "DL_Action1": "EXGotoObject(\"DL_Organisation\",%DL_ParentOrganisation%)",
      "DL_Action2": "loadentity(\"DL_OrganisationOrganisation\",  %DL_Id%)",
      "DL_ComponentName": "app-underorganisationer",
      "DL_Menu": "EXMenuFEAOrganisationUnderOrganisationer",
      "DL_Sequence": "4"
    }, {
      "DL_Id": "5",
      "DL_PageID": "1",
      "DL_WebPart": "Under organisationer (interne afdelinger og afdelinger)",
      "DL_WebPartType": "List",
      "DL_Zone": "Right",
      "DL_View": "DL_OrganisationOrganisationView",
      "DL_Where": "DL_ParentOrganisation=%DL_Organisation%",
      "DL_OrderBy": "DL_OrganisationLinkType DESC, DL_Title",
      "DL_Column1": "DL_Title",
      "DL_Column2": "DL_OrganisationLinkType",
      "DL_Action1": "EXGotoObject(\"DL_Organisation\",%DL_Organisation%)",
      "DL_Action2": "loadentity(\"DL_OrganisationOrganisation\",  %DL_Id%)",
      "DL_ComponentName": "app-underorganisationer",
      "DL_Menu": "EXMenuFEAOrganisationKommunikation",
      "DL_Sequence": "5"
    }, {
      "DL_Id": "9",
      "DL_PageID": "1",
      "DL_WebPart": "Mine søgninger",
      "DL_WebPartType": "List",
      "DL_Zone": "Left",
      "DL_View": "DL_D410View",
      "DL_Where": "DL_EntityNameForeign='DL_Organisation' and DL_CreatedBy = %WUSER%",
      "DL_OrderBy": "DL_Title\r\n",
      "DL_Column1": "DL_Title\r\n",
      "DL_Action1": "EXLoadSearch(%DL_Id%,%DL_Title%)",
      "DL_Menu": "EXMenuFEAOrganisationMineSoegninger",
      "DL_Sequence": "6"
    }, {
      "DL_Id": "10",
      "DL_PageID": "1",
      "DL_WebPart": "Kommunikation\r\n",
      "DL_WebPartType": "List",
      "DL_Zone": "Center",
      "DL_View": "DL_OrganisationCommunicationView",
      "DL_Where": "DL_Organisation=%DL_Organisation%\r\n",
      "DL_OrderBy": "DL_CommunicationTypeDecode\r\n",
      "DL_Column1": "DL_CommunicationTypeDecode",
      "DL_Column2": "DL_Title",
      "DL_Action1": "loadentity(\"DL_Communication\",%DL_Id%)",
      "DL_Action2": "loadentity(\"DL_Communication\",%DL_Id%)",
      "DL_Menu": "EXMenuFEAOrganisationKommunikation",
      "DL_Sequence": "7"
    }, {
      "DL_Id": "12",
      "DL_PageID": "1",
      "DL_WebPart": "Vært for følgende udvalg\r\n",
      "DL_WebPartType": "List",
      "DL_Zone": "Right",
      "DL_View": "FEA_Udvalg",
      "DL_Where": "FEA_Vaert=%DL_Organisation%  AND FEA_Aktivt = 1\r\n",
      "DL_OrderBy": "DL_Title\r\n",
      "DL_Column1": "DL_Title",
      "DL_Action1": "displayentity('FEA_Udvalg',%DL_Id%)",
      "DL_Menu": "EXMenuFEAOrganisationVaertUdvalg",
      "DL_Sequence": "8"
    }, {
      "DL_Id": "13",
      "DL_PageID": "1",
      "DL_WebPart": "Personer\r\n",
      "DL_WebPartType": "List",
      "DL_Zone": "Right",
      "DL_View": "DL_OrganisationPersonRecursiveView",
      "DL_Where": "DL_ParentOrganisation=%DL_Organisation%\r\n AND NOT DL_Name is null",
      "DL_OrderBy": "DL_Name\r\n ASC",
      "DL_Column1": "DL_Name",
      "DL_Action1": "loadentity(\"DL_OrganisationPerson\",%DL_Id%)",
      "DL_Menu": "EXMenuFEAOrganisationPersoner",
      "DL_Columns": "DL_Role,DL_OrganisationTitle",
      "DL_Sequence": "9"
    }, {
      "DL_Id": "14",
      "DL_PageID": "1",
      "DL_WebPart": "Medlem af ...(Tilknyttet organisationer)",
      "DL_WebPartType": "List",
      "DL_Zone": "Right",
      "DL_View": "DL_OrganisationOrganisationParentView\r\n",
      "DL_Where": "DL_Organisation=%DL_Organisation%\r\n and (DL_OrganisationLinkType='MEDLEM' or (isnull(DL_OrganisationLinkType,'')=''))",
      "DL_OrderBy": "DL_Title\r\n",
      "DL_Column1": "DL_Title",
      "DL_Action1": "EXGotoObject('DL_Organisation',%DL_Id%)",
      "DL_Menu": "EXMenuFEAOrganisationMedlemAf",
      "DL_Sequence": "10"
    }, {
      "DL_Id": "15",
      "DL_PageID": "1",
      "DL_WebPart": "Har som medlemmer\r\n",
      "DL_WebPartType": "List",
      "DL_Zone": "Right",
      "DL_View": "DL_OrganisationOrganisationView",
      "DL_Where": "DL_ParentOrganisation=%DL_Organisation%  and DL_OrganisationLinkType = 'MEDLEM'\r\n",
      "DL_OrderBy": "DL_Title\r\n",
      "DL_Column1": "DL_Title",
      "DL_Column2": null,
      "DL_Action1": "EXGotoObject('DL_Organisation',%DL_Id%)",
      "DL_Action2": "EXGotoObject('DL_Organisation',%DL_Id%)",
      "DL_Menu": "EXMenuEEAHarSomMedlemmer",
      "DL_Columns": "DL_OrganisationType",
      "DL_Sequence": "11"
    }, {
      "DL_Id": "17",
      "DL_PageID": "1",
      "DL_WebPart": "IFrame",
      "DL_WebPartType": "Detail",
      "DL_Zone": "Center",
      "DL_ComponentName": "DynamicIframeWidget",
      "DL_Sequence": "12"
    }, {
      "DL_Id": "18",
      "DL_PageID": "2",
      "DL_WebPart": "Mine søgninger",
      "DL_WebPartType": "List",
      "DL_Zone": "Left",
      "DL_View": "DL_D410View",
      "DL_Where": "DL_EntityNameForeign='DL_PersonOrganisationSearchView' and DL_CreatedBy = %WUSER%",
      "DL_OrderBy": "DL_Title",
      "DL_Column1": "DL_Title",
      "DL_Action1": "EXLoadSearch(%DL_Id%, %DL_Title%)",
      "DL_Sequence": "2"
    }, {
      "DL_Id": "22",
      "DL_PageID": "2",
      "DL_WebPart": "Udvalg (aktive tilknytninger)",
      "DL_WebPartType": "List",
      "DL_Zone": "Right",
      "DL_View": "FEA_PersonUdvalgView",
      "DL_Where": "FEA_Aktivt = 1 AND DL_Person=%DL_Person%",
      "DL_OrderBy": "FEA_Aktivt DESC,DL_Title",
      "DL_Column1": "DL_Title",
      "DL_Column2": null,
      "DL_Action1": "loadentity('FEA_UdvalgPerson',%DL_Id%)",
      "DL_Columns": "FEA_Rolle",
      "DL_Sequence": "2"
    }, {
      "DL_Id": "26",
      "DL_PageID": "2",
      "DL_WebPart": "Navnelister (ej i udvalg)",
      "DL_WebPartType": "List",
      "DL_Zone": "Right",
      "DL_View": "DL_PersonNameListNotDefaultUdvalgView",
      "DL_Where": "DL_Person=%DL_Person%",
      "DL_OrderBy": "DL_Title",
      "DL_Column1": "DL_Title",
      "DL_Sequence": "3"
    }, {
      "DL_Id": "27",
      "DL_PageID": "2",
      "DL_WebPart": "Organisationer",
      "DL_WebPartType": "List",
      "DL_Zone": "Right",
      "DL_View": "DL_PersonOrganisationView",
      "DL_Where": "DL_Person=%DL_Person%",
      "DL_OrderBy": "DL_Title",
      "DL_Column1": "DL_Title",
      "DL_Column2": null,
      "DL_Action1": "loadentity(\"DL_OrganisationPerson\",%DL_Id%)",
      "DL_Columns": "DL_Role",
      "DL_Sequence": "6"
    }, {
      "DL_Id": "28",
      "DL_PageID": "2",
      "DL_WebPart": "Adresser",
      "DL_WebPartType": "List",
      "DL_Zone": "Right",
      "DL_View": "DL_PersonAddressView",
      "DL_Where": "DL_Person=%DL_Person%",
      "DL_OrderBy": "DL_IsPrimaryAddress DESC",
      "DL_Column2": "DL_Street",
      "DL_Action1": null,
      "DL_Action2": "displayentity(\"DL_Address\",%DL_Id%)",
      "DL_Columns": "DL_Title",
      "DL_Sequence": "5"
    }, {
      "DL_Id": "29",
      "DL_PageID": "2",
      "DL_WebPart": "Kommunikation",
      "DL_WebPartType": "List",
      "DL_Zone": "Center",
      "DL_View": "DL_PersonCommunicationView",
      "DL_Where": "DL_Person=%DL_Person%",
      "DL_OrderBy": "DL_CommunicationTypeDecode",
      "DL_Column1": "DL_CommunicationTypeDecode",
      "DL_Column2": "DL_Title",
      "DL_Action1": "loadentity(\"DL_Communication\",%DL_Id%)",
      "DL_Action2": "loadentity(\"DL_Communication\",%DL_Id%)",
      "DL_Sequence": "7"
    }, {
      "DL_Id": "30",
      "DL_PageID": "2",
      "DL_WebPart": "Person og primær organisation",
      "DL_WebPartType": "Detail",
      "DL_Zone": "Center",
      "DL_View": "DL_PersonView",
      "DL_Where": "DL_Id=%DL_Person%",
      "DL_OrderBy": "DL_Name",
      "DL_Column1": "DL_Name",
      "DL_Column2": "DL_Name",
      "DL_ComponentName": "app-personorganisation",
      "DL_Sequence": "2"
    }, {
      "DL_Id": "34",
      "DL_PageID": "66",
      "DL_WebPart": "Personer",
      "DL_WebPartType": "list",
      "DL_Zone": "right",
      "DL_View": "FEA_UdvalgPersonView",
      "DL_Where": "FEA_Udvalg=%DL_Person% AND (FEA_OphoertDato is null OR FEA_OphoertDato >= getdate())",
      "DL_OrderBy": "DL_Title",
      "DL_Column1": "DL_Name",
      "DL_Sequence": "9"
    }, {
      "DL_Id": "36",
      "DL_PageID": "3",
      "DL_WebPart": "Udvalg",
      "DL_WebPartType": "Detail",
      "DL_Zone": "Center",
      "DL_View": "FEA_UdvalgView",
      "DL_Where": "DL_Id=%FEA_Udvalg%",
      "DL_OrderBy": "DL_Id",
      "DL_Column1": "DL_Id",
      "DL_ComponentName": "app-select-list",
      "DL_Sequence": "3"
    }, {
      "DL_Id": "37",
      "DL_PageID": "3",
      "DL_WebPart": "Personer",
      "DL_WebPartType": "list",
      "DL_Zone": "right",
      "DL_View": "FEA_UdvalgPersonView",
      "DL_Where": "FEA_Udvalg=%FEA_Udvalg% AND (FEA_OphoertDato is null OR FEA_OphoertDato >= getdate())",
      "DL_OrderBy": "DL_Name",
      "DL_Column1": "DL_Name",
      "DL_Action1": "loadentity('FEA_UdvalgPerson',%DL_Id%)",
      "DL_Sequence": "2"
    }, {
      "DL_Id": "38",
      "DL_PageID": "3",
      "DL_WebPart": "Navnelister",
      "DL_WebPartType": "list",
      "DL_Zone": "right",
      "DL_View": "FEA_UdvalgNameListView",
      "DL_Where": "FEA_Udvalg=%FEA_Udvalg%",
      "DL_OrderBy": "DL_Title",
      "DL_Column1": "DL_Title",
      "DL_Sequence": "3"
    }, {
      "DL_Id": "43",
      "DL_PageID": "4",
      "DL_WebPart": "Mine søgninger",
      "DL_WebPartType": "list",
      "DL_Zone": "left",
      "DL_View": "DL_D410View",
      "DL_Where": "DL_EntityNameForeign='DL_NameList' and DL_CreatedBy = %WUSER%",
      "DL_OrderBy": "DL_Title",
      "DL_Column1": "DL_Title",
      "DL_Action1": "EXLoadSearch(%DL_Id%,%DL_Title%)",
      "DL_Sequence": "8"
    }, {
      "DL_Id": "44",
      "DL_PageID": "4",
      "DL_WebPart": "Tilknyttede/udeladte udvalg",
      "DL_WebPartType": "list",
      "DL_Zone": "right",
      "DL_View": "DL_NameListUdvalgView",
      "DL_Where": "DL_NameList=%DL_NameList%",
      "DL_OrderBy": "DL_Title",
      "DL_Columns": "DL_Title,NDEF_OPERATION"
    }, {
      "DL_Id": "46",
      "DL_PageID": "4",
      "DL_WebPart": "Tilknyttede/udeladte personer",
      "DL_WebPartType": "list",
      "DL_Zone": "right",
      "DL_View": "DL_NameListPersonAddressView",
      "DL_Where": "DL_NameList=%DL_NameList%",
      "DL_OrderBy": "DL_Name",
      "DL_Columns": "DL_Name,NDEF_OPERATION"
    }, {
      "DL_Id": "47",
      "DL_PageID": "4",
      "DL_WebPart": "Tilknyttede/udeladte organisationer \r\n \r\n \r\n ",
      "DL_WebPartType": "list",
      "DL_Zone": "right",
      "DL_View": "DL_NameListOrganisationView",
      "DL_Where": "DL_NameList=%DL_NameList%",
      "DL_OrderBy": "DL_Title",
      "DL_Columns": "DL_Title,NDEF_OPERATION"
    }, {
      "DL_Id": "48",
      "DL_PageID": "4",
      "DL_WebPart": "Tilknyttede/udeladte navnelister",
      "DL_WebPartType": "list",
      "DL_Zone": "right",
      "DL_View": "DL_NameListNameListView",
      "DL_Where": "DL_NameList=%DL_NameList%",
      "DL_OrderBy": "DL_Title",
      "DL_Columns": "DL_Title"
    }, {
      "DL_Id": "49",
      "DL_PageID": "4",
      "DL_WebPart": "Ikke-primære adresser for personer",
      "DL_WebPartType": "list",
      "DL_Zone": "right",
      "DL_View": "DL_NameListPersonExtraView",
      "DL_Where": "DL_NameList=%DL_NameList%",
      "DL_OrderBy": "DL_Name,DL_Street",
      "DL_Columns": "DL_Name,DL_Street"
    }, {
      "DL_Id": "50",
      "DL_PageID": "4",
      "DL_WebPart": "Navneliste",
      "DL_WebPartType": "Detail",
      "DL_Zone": "center",
      "DL_View": "DL_NameListView",
      "DL_Where": "DL_Id=%DL_NameList%",
      "DL_OrderBy": "DL_Id",
      "DL_ComponentName": "app-name-list"
    }, {
      "DL_Id": "53",
      "DL_PageID": "3",
      "DL_WebPart": "Organisationer",
      "DL_WebPartType": "list",
      "DL_Zone": "right",
      "DL_View": "FEA_UdvalgOrganisationView",
      "DL_Where": "FEA_Udvalg=%FEA_Udvalg%",
      "DL_OrderBy": "DL_Title",
      "DL_Column1": "DL_Title",
      "DL_Action1": "EXGotoObject(\"DL_Organisation\",%DL_Organisation%)",
      "DL_Sequence": "4"
    }, {
      "DL_Id": "54",
      "DL_PageID": "3",
      "DL_WebPart": "Udtrådte personer",
      "DL_WebPartType": "list",
      "DL_Zone": "right",
      "DL_View": "FEA_UdvalgPersonView",
      "DL_Where": "FEA_Udvalg=%FEA_Udvalg% AND FEA_OphoertDato < getdate()",
      "DL_OrderBy": "DL_Name",
      "DL_Column1": "DL_Name",
      "DL_Action1": "loadentity('FEA_UdvalgPerson',%DL_Id%)",
      "DL_Sequence": "5"
    }, {
      "DL_Id": "55",
      "DL_PageID": "4",
      "DL_WebPart": "IFrame",
      "DL_WebPartType": "Detail",
      "DL_Zone": "Center",
      "DL_ComponentName": "DynamicIframeWidget"
    }, {
      "DL_Id": "56",
      "DL_PageID": "2",
      "DL_WebPart": "IFrame",
      "DL_WebPartType": "Detail",
      "DL_Zone": "Center",
      "DL_ComponentName": "DynamicIframeWidget",
      "DL_Sequence": "11"
    }, {
      "DL_Id": "57",
      "DL_PageID": "4",
      "DL_WebPart": "Mine aktuelle navnelister",
      "DL_WebPartType": "List",
      "DL_Zone": "Left",
      "DL_View": "DL_NameListRecent",
      "DL_Where": "DL_ModifiedBy=%WUSER%",
      "DL_OrderBy": "DL_Modified dESC",
      "DL_Column1": "DL_Title",
      "DL_Column2": "DL_CaseNo",
      "DL_Action1": "EXGotoObject(\"DL_NameList\",%DL_Id%)",
      "DL_Action2": "EXGotoObject(\"DL_Organisation\",%DL_Id%)"
    }, {
      "DL_Id": "58",
      "DL_PageID": "2",
      "DL_WebPart": "Mine aktuelle personer",
      "DL_WebPartType": "List",
      "DL_Zone": "Left",
      "DL_View": "DL_PersonRecent",
      "DL_Where": "DL_ModifiedBy=%WUSER%",
      "DL_OrderBy": "DL_Modified dESC",
      "DL_Column1": "DL_Name",
      "DL_Action1": "EXGotoObject(\"DL_Person\",%DL_Id%)",
      "DL_Action2": "EXGotoObject(\"DL_Organisation\",%DL_Id%)",
      "DL_Sequence": "3"
    }, {
      "DL_Id": "59",
      "DL_PageID": "3",
      "DL_WebPart": "Mine aktuelle udvalg",
      "DL_WebPartType": "List",
      "DL_Zone": "Left",
      "DL_View": "FEA_UdvalgRecent",
      "DL_Where": "DL_ModifiedBy=%WUSER%",
      "DL_OrderBy": "DL_Modified dESC",
      "DL_Column1": "DL_Title",
      "DL_Column2": null,
      "DL_Action1": "EXGotoObject(\"FEA_Udvalg\",%DL_Id%)",
      "DL_Menu": null,
      "DL_Sequence": "1"
    }, {
      "DL_Id": "60",
      "DL_PageID": "3",
      "DL_WebPart": "IFrame",
      "DL_WebPartType": "detail",
      "DL_Zone": "center",
      "DL_Where": null,
      "DL_OrderBy": null,
      "DL_ComponentName": "DynamicIframeWidget",
      "DL_Sequence": "7"
    }, {
      "DL_Id": "61",
      "DL_PageID": "5",
      "DL_WebPart": "Navneliste - udrullet",
      "DL_WebPartType": "list",
      "DL_Zone": "center",
      "DL_View": "EXExpandNameList",
      "DL_Where": "@DLNameList='%DL_NameList%' , @DLExpand ='1'",
      "DL_OrderBy": "DL_Modified dESC",
      "DL_Column1": null,
      "DL_Columns": "DL_Name,DL_Title,DL_Street,DL_PostalCode,DL_City,DL_Phone,DL_Mobile,DL_Email",
      "DL_Sequence": "1",
      "DL_EntityType": "Procedure"
    }, {
      "DL_Id": "63",
      "DL_PageID": "8",
      "DL_WebPart": "IFrame",
      "DL_WebPartType": "Detail",
      "DL_Zone": "Center",
      "DL_ComponentName": "DynamicIframeWidget",
      "DL_Sequence": "1"
    }, {
      "DL_Id": "64",
      "DL_PageID": "8",
      "DL_WebPart": "Mine favoritter",
      "DL_WebPartType": "list",
      "DL_Zone": "left",
      "DL_View": "DL_FavoritesView",
      "DL_Where": "DL_CreatedBy=%WUSER%",
      "DL_OrderBy": "DL_Title",
      "DL_Column1": "DL_Title",
      "DL_Action1": "EXGotoObject(%DL_EntityNameForeign%,%DL_EntityId%)",
      "DL_Sequence": "2"
    }, {
      "DL_Id": "65",
      "DL_PageID": "8",
      "DL_WebPart": "Mest brugte FEA objekter (30 dage)",
      "DL_WebPartType": "list",
      "DL_Zone": "right",
      "DL_View": "FEA_MestBrugteObjekter",
      "DL_Where": "1=1",
      "DL_OrderBy": "DL_Count DESC",
      "DL_Column1": "DL_Title",
      "DL_Column2": null,
      "DL_Action1": "EXGotoObject(%DL_EntityNameForeign%,%DL_Id%)",
      "DL_Action2": "EXGotoObject(%DL_EntityNameForeign%,%DL_EntityId%)",
      "DL_Columns": "DL_Count",
      "DL_Sequence": "3"
    }, {
      "DL_Id": "71",
      "DL_PageID": "3",
      "DL_WebPart": "Mine søgninger",
      "DL_WebPartType": "List",
      "DL_Zone": "Left",
      "DL_View": "DL_D410View",
      "DL_Where": "DL_EntityNameForeign='FEA_Udvalg' and DL_CreatedBy = %WUSER%",
      "DL_OrderBy": "DL_Title",
      "DL_Column1": "DL_Title",
      "DL_Column2": null,
      "DL_Action1": "EXGotoObject(%DL_EntityNameForeign%,%DL_EntityId%)",
      "DL_Columns": "DL_Count",
      "DL_Sequence": "2"
    }, {
      "DL_Id": "73",
      "DL_PageID": "8",
      "DL_WebPart": "Mine søgninger",
      "DL_WebPartType": "list",
      "DL_Zone": "right",
      "DL_View": "DL_D410View",
      "DL_Where": "DL_CreatedBy = %WUSER%",
      "DL_OrderBy": "DL_Created DESC",
      "DL_Column1": "DL_Title",
      "DL_Column2": null,
      "DL_Action1": "EXLoadSearch(%DL_Id%,%DL_Title%)",
      "DL_Action2": null,
      "DL_Sequence": "8"
    }, {
      "DL_Id": "74",
      "DL_PageID": "8",
      "DL_WebPart": "Funktioner",
      "DL_WebPartType": "list",
      "DL_Zone": "left",
      "DL_View": "DL_Action",
      "DL_Where": "DL_EntityNameForeign='FEA_Root'",
      "DL_OrderBy": "DL_SequenceNo",
      "DL_Column1": "DL_Tooltip",
      "DL_Column2": null,
      "DL_Action1": "EXLoadQuickSearch(%DL_ActionTitle%,false,'','','',true)",
      "DL_Menu": "DL_TableIcon",
      "DL_Columns": null
    }]
  }
}
