{
    "DL_ENTITYDATA": {
        "DL_pages": [{
                "DL_Id": "1",
                "DL_Page": "DL_Organisation",
                "DL_PageTitle": "Organisation.aspx",
                "DL_PageTemplate": "3-col"
            },
            {
                "DL_Id": "2",
                "DL_Page": "DL_Person",
                "DL_PageTitle": "Person.aspx",
                "DL_PageTemplate": "3-col"
            },
            {
                "DL_Id": "3",
                "DL_Page": "FEA_Udvalg",
                "DL_PageTitle": "Udvalg.aspx",
                "DL_PageTemplate": "3-col"
            },
            {
                "DL_Id": "4",
                "DL_Page": "DL_NameList",
                "DL_PageTitle": "Navneliste.aspx",
                "DL_PageTemplate": "3-col"
            },
            {
                "DL_Id": "5",
                "DL_Page": "DL_NameList",
                "DL_PageTitle": "Udrulletnavneliste.aspx",
                "DL_PageTemplate": "1-col"
            },
            {
                "DL_Id": "7",
                "DL_Page": "DL_NameList",
                "DL_PageTitle": "Udvalgsnavneliste.aspx",
                "DL_PageTemplate": "1-col"
            },
            {
                "DL_Id": "8",
                "DL_Page": "DL_Organisation",
                "DL_PageTitle": "default.aspx",
                "DL_PageTemplate": "3-col"
            }
        ]
    }
}
