﻿{
  "DL_ENTITYDATA": {
    "DL_Widgets": [{
      "DL_Id": "1",
      "DL_WebPart": "Mine aktuelle organisationer",
      "DL_WebPartType": "List",
      "DL_View": "DL_OrganisationRecent",
      "DL_Where": "DL_ModifiedBy=%WUSER%",
      "DL_OrderBy": "DL_Modified dESC",
      "DL_Column1": "DL_Title",
      "DL_Column2": "DL_CaseNo",
      "DL_Action1": "EXGotoObject(\"DL_Organisation\",%DL_Id%)",
      "DL_Action2": "EXGotoObject(\"DL_Organisation\",%DL_Id%)",
      "DL_Menu": null,
      "DL_Sequence": "2"
    }, {
      "DL_Id": "2",
      "DL_WebPart": "Organisation",
      "DL_WebPartType": "Detail",
      "DL_View": "DL_OrganisationView",
      "DL_Where": "DL_Id=%DL_Organisation%",
      "DL_OrderBy": "DL_Modified dESC",
      "DL_Column1": null,
      "DL_Column2": null,
      "DL_Action1": "EXGotoObject(\"DL_Organisation\",%DL_Id%)",
      "DL_Action2": null,
      "DL_ComponentName": "app-organization",
      "DL_Menu": null,
      "DL_Sequence": "0"
    }, {
      "DL_Id": "17",
      "DL_WebPart": "IFrame",
      "DL_WebPartType": "Detail",
      "DL_ComponentName": "DynamicIframeWidget",
      "DL_Sequence": "0"
    }, {
      "DL_Id": "30",
      "DL_WebPart": "Person og primær organisation",
      "DL_WebPartType": "Detail",
      "DL_View": "DL_PersonView",
      "DL_Where": "DL_Id=%DL_Person%",
      "DL_OrderBy": "DL_Name",
      "DL_Column1": "DL_Name",
      "DL_Column2": "DL_Name",
      "DL_ComponentName": "app-personorganisation",
      "DL_Sequence": "2"
    }, {
      "DL_Id": "36",
      "DL_WebPart": "Udvalg",
      "DL_WebPartType": "Detail",
      "DL_View": "FEA_UdvalgView",
      "DL_Where": "DL_Id=%FEA_Udvalg%",
      "DL_OrderBy": "DL_Id",
      "DL_Column1": "DL_Id",
      "DL_ComponentName": "app-select-list"
    }, {
      "DL_Id": "50",
      "DL_WebPart": "Navneliste",
      "DL_WebPartType": "Detail",
      "DL_View": "DL_NameListView",
      "DL_Where": "DL_Id=%DL_NameList%",
      "DL_OrderBy": "DL_Id",
      "DL_ComponentName": "app-name-list"
    }]
  }
}
