﻿{"DL_ENTITYDATA":{"DL_WidgetMenu":[{"DL_Id":"3","DL_PageWidgetId":"3","DL_Title":"Lav adressen primær","DL_CssClass":"fa fa-diamond","DL_Type":"row","DL_Action":"LOSetOrganisationAddressPrimary(%DL_Id%);"},{"DL_Id":"4","DL_PageWidgetId":"3","DL_Title":"Udskriv adresselabel","DL_CssClass":"fa fa-print","DL_Type":"row","DL_Action":"EXCreateDoc('',\"DL_OrganisationAddress\",%DL_Id%,'http://sagssystem/Administration/Skabeloner/FEA/OrganisationLabel.dotx','','DL_OrganisationAddressLabelView','','',1)"},{"DL_Id":"7","DL_PageWidgetId":"13","DL_Title":"Gå til personen","DL_CssClass":"fa fa-user","DL_Type":"row","DL_Action":"EXGotoObject('DL_Person',%DL_Person%)"},{"DL_Id":"8","DL_PageWidgetId":"3","DL_Title":"Ny adresse","DL_CssClass":"fa fa-building-o","DL_Type":"header","DL_Action":"newentity('DL_Address','DL_AddressXType,DL_InsertAction','1,DL_OrganisationAddress$DL_Organisation$#DL_Id#$DL_Address','')"},{"DL_Id":"9","DL_PageWidgetId":"9","DL_Title":"Søg organisation","DL_CssClass":"fa fa-search","DL_Type":"header","DL_Action":"EXLoadQuickSearch('DL_Organisation',false,'','','',true)"},{"DL_Id":"10","DL_PageWidgetId":"9","DL_Title":"Søg person","DL_CssClass":"fa fa-search","DL_Type":"header","DL_Action":"EXLoadQuickSearch('DL_Person',false,'','','',true)"},{"DL_Id":"11","DL_PageWidgetId":"4","DL_Title":"Tilknyt til overorganisation","DL_CssClass":"fa fa-plus","DL_Type":"header","DL_Action":"loadcontent2(\"/EX_SQLSVC/DynamicSearch.html?DLEntity=DL_Organisation&SearchParameters=DL_Title,DL_OrganisationTitle&DisplayParameters=DL_Title,DL_OrganisationShort&ForeignKeys=DL_ParentOrganisation&ForeignValues=#DL_Id#&ToolTip=Ukendt organisation&ClickAction=369&HideSave=true\",'Tilknyt organisation')"},{"DL_Id":"12","DL_PageWidgetId":"5","DL_Title":"Ny intern afdeling","DL_CssClass":"fa fa-plus","DL_Type":"header","DL_Action":"newentity('DL_Organisation','DL_ParentOrganisation,DL_OrganisationType','#DL_Id#,INTAFD','Action=NewOrgOrg')"},{"DL_Id":"13","DL_PageWidgetId":"5","DL_Title":"Ny afdeling","DL_CssClass":"fa fa-plus","DL_Type":"header","DL_Action":"newentity('DL_Organisation','DL_ParentOrganisation,DL_OrganisationType','#DL_Id#,afd','Action=NewOrgOrg')"},{"DL_Id":"14","DL_PageWidgetId":"5","DL_Title":"Tilknyt ny underorganisation","DL_CssClass":"fa fa-plus","DL_Type":"header","DL_Action":"loadcontent2('/EX_SQLSVC/DynamicSearch.html?DLEntity=DL_Organisation&SearchParameters=DL_Title,DL_OrganisationTitle&DisplayParameters=DL_Title,DL_OrganisationShort&ForeignKeys=DL_ParentOrganisation&ForeignValues=#DL_Id#&ToolTip=Ukendt organisation&ClickAction=370&HideSave=true','Tilknyt organisation')"},{"DL_Id":"15","DL_PageWidgetId":"5","DL_Title":"Browse underorganisationer","DL_CssClass":"fa fa-folder-open-o","DL_Type":"header","DL_Action":"loadcontent2('/EX_Custom/TreeviewSearch.htm?Config=DL_Organisation3&key=#DL_Id#','Browse underorganisationer')"},{"DL_Id":"16","DL_PageWidgetId":"13","DL_Title":"Ny person","DL_CssClass":"fa fa-address-book-o","DL_Type":"header","DL_Action":"newentity2('DL_Person','DL_Organisation',#DL_Id#,'Action=50&view=DL_Role,DL_FullName,DL_Address,DL_PostalCode,DL_City,DL_Email,DL_Phone&GotoAction=351');"},{"DL_Id":"17","DL_PageWidgetId":"13","DL_Title":"Tilknyt person","DL_CssClass":"fa fa-plus","DL_Type":"header","DL_Action":"loadcontent2('/EX_SQLSVC/DynamicSearch.html?DLEntity=DL_PersonOrganisationSearchView&SearchParameters=DL_Name,DL_JobTitle,DL_Role,DL_OrganisationTitle&ForeignKeys=DL_Organisation&ForeignValues=#DL_Id#&ToolTip=Ukendt person&ClickAction=349&HideSave=true','Tilknyt person')"},{"DL_Id":"18","DL_PageWidgetId":"18","DL_Title":"Quick søgning","DL_CssClass":"fa fa-search","DL_Type":"header","DL_Action":"EXLoadQuickSearch(\"DL_Person\",false, null, null, null, true)","DL_SequenceNo":"1"},{"DL_Id":"19","DL_PageWidgetId":"18","DL_Title":"Avanceret person søgning","DL_CssClass":"fa fa-search","DL_Type":"header","DL_Action":"EXGotoUrl('/FEA/Pages/SoegPerson.aspx',true)","DL_SequenceNo":"2"},{"DL_Id":"20","DL_PageWidgetId":"18","DL_Title":"Søg organisation","DL_CssClass":"fa fa-search","DL_Type":"header","DL_Action":"loadcontent2('/EX_SQLSVC/DynamicSearch.html?DLEntity=DL_Organisation&SearchParameters=DL_Title&DisplayParameters=DL_Title,DL_OrganisationShort&ToolTip=Ukendt organisation&ClickAction=208','S&oslash;g organisation')","DL_SequenceNo":"3"},{"DL_Id":"21","DL_PageWidgetId":"29","DL_Title":"Ny kommunikation","DL_CssClass":"fa fa-envelope-square","DL_Type":"header","DL_Action":"newentity('DL_Communication','DL_EntityNameForeign,DL_EntityId','DL_Person,#DL_Id#','Action=DynRefreshParent')","DL_SequenceNo":"1"},{"DL_Id":"22","DL_PageWidgetId":"27","DL_Title":"Knyt til organisation","DL_CssClass":"fa fa-plus","DL_Type":"header","DL_Action":"loadcontent2('/EX_SQLSVC/DynamicSearch.html?DLEntity=DL_Organisation&SearchParameters=DL_Title&DisplayParameters=DL_Title,DL_OrganisationShort&ToolTip=Ukendt organisation&ForeignKeys=DL_Person&ForeignValues=#DL_Id#&ClickAction=244','Knyt til organisation')","DL_SequenceNo":"1"},{"DL_Id":"23","DL_PageWidgetId":"28","DL_Title":"Ny adresse","DL_CssClass":"fa fa-building-o","DL_Type":"header","DL_Action":"newentity('DL_Address','DL_AddressXType,DL_InsertAction','2,DL_PersonAddress$DL_Person$#DL_Id#$DL_Address','')","DL_SequenceNo":"1"},{"DL_Id":"24","DL_PageWidgetId":"30","DL_Title":"Ny person","DL_CssClass":"fa fa-user-plus","DL_Type":"header","DL_Action":"newentity2('DL_Person','','','Action=260&view=DL_Organisation,DL_Role,DL_FullName,DL_Address,DL_PostalCode,DL_City,DL_Email,DL_Phone&GotoAction=351')","DL_SequenceNo":"1"},{"DL_Id":"25","DL_PageWidgetId":"30","DL_Title":"Sammenlæg personer","DL_CssClass":"fa fa-users","DL_Type":"header","DL_Action":"loadcontent2(\"/EX_SQLSVC/DynamicSearch.html?DLEntity=DL_PersonOrganisationSearchView&SearchParameters=DL_Name,DL_JobTitle,DL_Role,DL_Title&ToolTip=Ukendt person&ForeignKeys=DL_Person&ForeignValues=#DL_Id#&ClickAction=376\",'Sperson')","DL_SequenceNo":"2"},{"DL_Id":"26","DL_PageWidgetId":"30","DL_Title":"Historik","DL_CssClass":"fa fa-history","DL_Type":"header","DL_Action":"loadcontent2('/ex_sqlsvc/DynamicSearch.html?DLEntity=DL_PersonLog&WhereExtra=DL_IdId=#DL_Id#&SearchParameters=DL_Name,DL_LogOperation,DL_Modified,DL_ModifiedBy&HideSave=true&SearchOnLoad=true&orderby=DL_Modified desc','Historik')","DL_SequenceNo":"3"},{"DL_Id":"28","DL_PageWidgetId":"2","DL_Title":"Ny organisation","DL_CssClass":"fa fa-plus","DL_Type":"header","DL_Action":"newentity2('DL_Organisation','','','Action=208')","DL_SequenceNo":"1"},{"DL_Id":"29","DL_PageWidgetId":"2","DL_Title":"Merge organisationer","DL_CssClass":"fa fa-handshake-o","DL_Type":"header","DL_Action":"loadcontent2('/EX_SQLSVC/DynamicSearch.html?DLEntity=DL_Organisation&SearchParameters=DL_Title,DL_OrganisationTitle,DL_Synonym,DL_OrganisationType&DisplayParameters=DL_Title,DL_OrganisationTitle&ForeignKeys=DL_Organisation&ForeignValues=#DL_Id#&ToolTip=Ukendt organisation&ClickAction=377','S&oslash;g organisation')","DL_SequenceNo":"3"},{"DL_Id":"30","DL_PageWidgetId":"40","DL_Title":"Søg udvalg","DL_CssClass":"fa fa-search","DL_Type":"header","DL_Action":"loadcontent2('/EX_SQLSVC/DynamicSearch.html?DLEntity=FEA_Udvalg&SearchParameters=DL_Title,FEA_VaertDenorm,DL_sAMAccountNameForeign,FEA_UdvalgsType,FEA_Aktivt:1,FEA_NedsatDato,FEA_OphoertDato&DisplayParameters=DL_Title,DL_sAMAccountNameForeign&ToolTip=Ukendt udvalg&ClickAction=217','S&oslash;g udvalg')","DL_SequenceNo":"1"},{"DL_Id":"31","DL_PageWidgetId":"36","DL_Title":"Nyt udvalg","DL_CssClass":"fa fa-plus","DL_Type":"header","DL_Action":"newentity2('FEA_Udvalg','','','Action=322')","DL_SequenceNo":"1"},{"DL_Id":"32","DL_PageWidgetId":"36","DL_Title":"Tilføj som bogmærke","DL_CssClass":"fa fa-star-o","DL_Type":"header","DL_Action":"EXAddToFavorites('FEA_Udvalg',#DL_Id#);return false;","DL_SequenceNo":"2"},{"DL_Id":"33","DL_PageWidgetId":"15","DL_Title":"slet","DL_CssClass":"fa fa-remove","DL_Type":"row","DL_Action":"EXdeleteentity('DL_OrganisationOrganisation',%DL_Id%)","DL_SequenceNo":"1"},{"DL_Id":"34","DL_PageWidgetId":"22","DL_Title":"Gå til udvalget","DL_CssClass":"fa fa-search","DL_Type":"row","DL_Action":"EXGotoObject(\"FEA_Udvalg \",%FEA_Udvalg%)"},{"DL_Id":"35","DL_PageWidgetId":"37","DL_Title":"Tilknyt person","DL_CssClass":"fa fa-user-circle","DL_Type":"header","DL_Action":"loadcontent2('/EX_SQLSVC/DynamicSearch.html?DLEntity=DL_PersonOrganisationSearchView&SearchParameters=DL_Name,DL_JobTitle,DL_Role,DL_OrganisationTitle&ToolTip=Ukendt person&ForeignKeys=FEA_Udvalg&ForeignValues=#DL_Id#&ClickAction=235','Tilknyt person')","DL_SequenceNo":"1"},{"DL_Id":"36","DL_PageWidgetId":"26","DL_Title":"Gå til navnelisten","DL_CssClass":"fa fa-search","DL_Type":"row","DL_Action":"EXGotoObject('DL_NameList',%DL_NameList%)"},{"DL_Id":"37","DL_PageWidgetId":"27","DL_Title":"Gå til organisation","DL_CssClass":"fa fa-building-o","DL_Type":"row","DL_Action":"EXGotoObject('DL_Organisation',%DL_Organisation%)"},{"DL_Id":"38","DL_PageWidgetId":"53","DL_Title":"Tilknyt organisation","DL_CssClass":"fa fa-building-o","DL_Type":"header","DL_Action":"loadcontent2('/EX_SQLSVC/DynamicSearch.html?DLEntity=DL_Organisation&SearchParameters=DL_Title&DisplayParameters=DL_Title,DL_OrganisationShort&ForeignKeys=FEA_Udvalg&ForeignValues=#DL_Id#&ToolTip=Ukendt organisation&ClickAction=233&HideSave=true','Tilknyt organisation')","DL_SequenceNo":"1"},{"DL_Id":"39","DL_PageWidgetId":"28","DL_Title":"Lav adressen primær","DL_CssClass":"fa fa-diamond","DL_Type":"row","DL_Action":"LOSetPersonAddressPrimary(%DL_Id%);"},{"DL_Id":"40","DL_PageWidgetId":"28","DL_Title":"Udskriv adresselabel","DL_CssClass":"fa fa-print","DL_Type":"row","DL_Action":"EXCreateDoc('','DL_PersonAddress',%DL_Id%,'http://sagssystem/Administration/Skabeloner/FEA/OrganisationLabel.dotx','','DL_PersonAddressView2','','',1)"},{"DL_Id":"41","DL_PageWidgetId":"37","DL_Title":"Gå til personen","DL_CssClass":"fa fa-search","DL_Type":"row","DL_Action":"EXGotoObject('DL_Person',%DL_Person%)","DL_SequenceNo":"1"},{"DL_Id":"42","DL_PageWidgetId":"38","DL_Title":"Gå til navnelisten","DL_CssClass":"fa fa-search","DL_Type":"row","DL_Action":"EXGotoObject('DL_NameList',%DL_NameList%)"},{"DL_Id":"43","DL_PageWidgetId":"53","DL_Title":"Gå til organisationen","DL_CssClass":"fa fa-search","DL_Type":"row","DL_Action":"EXGotoObject('DL_Organisation',%DL_Organisation%)"},{"DL_Id":"44","DL_PageWidgetId":"54","DL_Title":"Gå til personen","DL_CssClass":"fa fa-search","DL_Type":"row","DL_Action":"EXGotoObject('DL_Person',%DL_Person%)"},{"DL_Id":"45","DL_PageWidgetId":"43","DL_Title":"Søg navneliste","DL_CssClass":"fa fa-address-card-o","DL_Type":"header","DL_Action":"loadcontent2('/EX_SQLSVC/DynamicSearch.html?DLEntity=DL_NameList&SearchParameters=DL_Title,DL_sAMAccountNameForeign,DL_TextBox&DisplayParameters=DL_Title,DL_sAMAccountNameForeign,DL_TextBox&ToolTip=Ukendt navneliste&ClickAction=225','S&oslash;g navneliste')","DL_SequenceNo":"1"},{"DL_Id":"46","DL_PageWidgetId":"50","DL_Title":"Ny navneliste","DL_CssClass":"fa fa-envelope-square","DL_Type":"header","DL_Action":"newentity2('DL_NameList','','','Action=225')","DL_SequenceNo":"1"},{"DL_Id":"47","DL_PageWidgetId":"50","DL_Title":"Ny navneliste - personsøgning","DL_CssClass":"fa fa-envelope-square","DL_Type":"header","DL_Action":"EXGotoUrl('http://sagssystem/FEA/Pages/SoegPerson.aspx')","DL_SequenceNo":"2"},{"DL_Id":"48","DL_PageWidgetId":"50","DL_Title":"Ny navneliste - organisationssøgning","DL_CssClass":"fa fa-envelope-square","DL_Type":"header","DL_Action":"EXGotoUrl('http://sagssystem/FEA/Pages/SoegOrganisation.aspx')","DL_SequenceNo":"3"},{"DL_Id":"49","DL_PageWidgetId":"44","DL_Title":"Gå til udvalget","DL_CssClass":"fa fa-search","DL_Type":"row","DL_Action":"EXGotoObject('FEA_Udvalg',%FEA_Udvalg%)"},{"DL_Id":"50","DL_PageWidgetId":"44","DL_Title":"Slet","DL_CssClass":"fa fa-remove","DL_Type":"row","DL_Action":"EXdeleteentity('DL_NameListUdvalg',%DL_Id%)"},{"DL_Id":"51","DL_PageWidgetId":"50","DL_Title":"Vis alle personer","DL_CssClass":"fa fa-address-card-o","DL_Type":"header","DL_Action":"EXGotoUrl('http://sagssystem/FEA/Pages/Udrulletnavneliste.aspx?DL_NameList=#DL_Id#')","DL_SequenceNo":"4"},{"DL_Id":"52","DL_PageWidgetId":"50","DL_Title":"Vis udvalgs personer (med rolle)","DL_CssClass":"fa fa-address-card-o","DL_Type":"header","DL_Action":"EXGotoUrl('http://sagssystem/FEA/Pages/Udvalgsnavneliste.aspx?DL_NameList=#DL_Id#')","DL_SequenceNo":"5"},{"DL_Id":"53","DL_PageWidgetId":"50","DL_Title":"Tilføj som bogmærke","DL_CssClass":"fa fa-star-o","DL_Type":"header","DL_Action":"EXAddToFavorites('DL_NameList',#DL_Id#);return false;","DL_SequenceNo":"6"},{"DL_Id":"54","DL_PageWidgetId":"46","DL_Title":"Gå til personen","DL_CssClass":"fa fa-search","DL_Type":"row","DL_Action":"EXGotoObject('DL_Person',%DL_Person%)"},{"DL_Id":"55","DL_PageWidgetId":"46","DL_Title":"Vis adresser","DL_CssClass":"fa fa-search","DL_Type":"row","DL_Action":"FEAShowPersonAddresses(%DL_NameList%,%DL_Person%,%DL_Name%)"},{"DL_Id":"56","DL_PageWidgetId":"46","DL_Title":"Slet tilknytningen","DL_CssClass":"fa fa-remove","DL_Type":"row","DL_Action":"EXdeleteentity('DL_NameListPerson', %DL_Id%)"},{"DL_Id":"57","DL_PageWidgetId":"50","DL_Title":"Skab datafil til fletning","DL_CssClass":"fa fa-plus-square-o","DL_Type":"header","DL_Action":"loadcontent2('/EX_SQLSVC/getEntityData.aspx?DL_Entity=Navneliste&Procedure=EXExpandNameList @DLNameList=#DL_Id#&ProcedureParams=DL_Name,DL_Title,DL_Street,DL_Street2,DL_PostalCode,DL_City,DL_Phone,DL_Email','Skab datafil til fletning')","DL_SequenceNo":"7"},{"DL_Id":"58","DL_PageWidgetId":"50","DL_Title":"Udskriv labels","DL_CssClass":"fa fa-plus-square-o","DL_Type":"header","DL_Action":"EXCreateDoc('','DL_NameList',%DL_Id%,'http://sagssystem/Administration/Skabeloner/FEA/NameList.dotm','','','','',1)","DL_SequenceNo":"8"},{"DL_Id":"59","DL_PageWidgetId":"50","DL_Title":"Udskriv kuverter","DL_CssClass":"fa fa-plus-square-o","DL_Type":"header","DL_Action":"EXCreateDoc('','DL_NameList',%DL_Id%,'http://sagssystem/Administration/Skabeloner/FEA/NameList.dotm','','','','',1,'<Kuvert>Ja</Kuvert>')","DL_SequenceNo":"9"},{"DL_Id":"60","DL_PageWidgetId":"47","DL_Title":"Gå til organisationen","DL_CssClass":"fa fa-search","DL_Type":"row","DL_Action":"EXGotoObject('DL_Organisation',%DL_Organisation%)"},{"DL_Id":"61","DL_PageWidgetId":"47","DL_Title":"Slet tilknytningen","DL_CssClass":"fa fa-remove","DL_Type":"row","DL_Action":"EXdeleteentity('DL_NameListOrganisation',%DL_Id%)"},{"DL_Id":"62","DL_PageWidgetId":"48","DL_Title":"Gå til navnelisten","DL_CssClass":"fa fa-search","DL_Type":"row","DL_Action":"EXGotoObject('DL_NameList', %DL_NameList2%)"},{"DL_Id":"63","DL_PageWidgetId":"48","DL_Title":"Slet tilknytningen","DL_CssClass":"fa fa-remove","DL_Type":"row","DL_Action":"EXdeleteentity('DL_NameListNameList',%DL_Id%)"},{"DL_Id":"64","DL_PageWidgetId":"44","DL_Title":"Tilknyt udvalg","DL_CssClass":"fa fa-plus","DL_Type":"header","DL_Action":"loadcontent2('/EX_SQLSVC/DynamicSearch.html?DLEntity=FEA_Udvalg&SearchParameters=DL_Title,FEA_VaertDenorm,FEA_UdvalgsType,FEA_Aktivt:1,FEA_NedsatDato,FEA_OphoertDato&DisplayParameters=DL_Title&ForeignKeys=DL_NameList&ForeignValues=#DL_Id#&ToolTip=Ukendt udvalg&ClickAction=347','Tilknyt udvalg')","DL_SequenceNo":"1"},{"DL_Id":"65","DL_PageWidgetId":"46","DL_Title":"Tilknyt person","DL_CssClass":"fa fa-user-circle","DL_Type":"header","DL_Action":"loadcontent2('/EX_SQLSVC/DynamicSearch.html?DLEntity=DL_PersonOrganisationSearchView&SearchParameters=DL_Name,DL_JobTitle,DL_Role,DL_OrganisationTitle&ToolTip=Ukendt person&ForeignKeys=DL_NameList&ForeignValues=#DL_Id#&ClickAction=239','Tilknyt person')","DL_SequenceNo":"1"},{"DL_Id":"66","DL_PageWidgetId":"47","DL_Title":"Tilknyt organisation","DL_CssClass":"fa fa-building-o","DL_Type":"header","DL_Action":"loadcontent2('/EX_SQLSVC/DynamicSearch.html?DLEntity=DL_Organisation&SearchParameters=DL_Title&DisplayParameters=DL_Title,DL_OrganisationShort&ForeignKeys=DL_NameList&ForeignValues=#DL_Id#&ToolTip=Ukendt organisation&ClickAction=238&HideSave=true','Tilknyt organisation')","DL_SequenceNo":"1"},{"DL_Id":"67","DL_PageWidgetId":"48","DL_Title":"Tilknyt navneliste","DL_CssClass":"fa fa-plus","DL_Type":"header","DL_Action":"loadcontent2('/EX_SQLSVC/DynamicSearch.html?DLEntity=DL_NameList&SearchParameters=DL_Title&DisplayParameters=DL_Title&ForeignKeys=DL_NameList&ForeignValues=#DL_Id#&ToolTip=Ukendt navneliste&ClickAction=255&HideSave=true','Tilknyt navneliste')","DL_SequenceNo":"1"},{"DL_Id":"68","DL_PageWidgetId":"10","DL_Title":"Ny Kommunikation","DL_CssClass":"fa fa-plus","DL_Type":"header","DL_Action":"newentity('DL_Communication','DL_EntityNameForeign,DL_EntityId','DL_Organisation,#DL_Id#','Action=DynRefreshParent')","DL_SequenceNo":"1"},{"DL_Id":"69","DL_PageWidgetId":"2","DL_Title":"Tilføj som bogmærke","DL_CssClass":"fa fa-star-o","DL_Type":"header","DL_Action":"javascript:EXAddToFavorites('DL_Organisation',#DL_Id#);","DL_SequenceNo":"2"},{"DL_Id":"70","DL_PageWidgetId":"38","DL_Title":"Slet ","DL_CssClass":"fa fa-remove","DL_Type":"row","DL_Action":"EXdeleteentity('DL_NameListUdvalg',%DL_Id%)"},{"DL_Id":"71","DL_PageWidgetId":"71","DL_Title":"Søg Udvalg","DL_CssClass":"fa fa-search","DL_Type":"header","DL_Action":"EXLoadQuickSearch(\"FEA_Udvalg\",false, null, null, null, true)","DL_SequenceNo":"1"},{"DL_Id":"72","DL_PageWidgetId":"46","DL_Title":"Adressen er specifik for denne navneliste","DL_CssClass":"fa fa-remove","DL_Type":"row","DL_Action":"FEAShowPersonAddresses(%DL_NameList%,%DL_Person%, %DL_Name%)"},{"DL_Id":"73","DL_PageWidgetId":"9","DL_Title":"Slet","DL_CssClass":"fa fa-remove","DL_Type":"row","DL_Action":"EXdeleteentity('DL_D410',%DL_Id%,'',null,true,undefined)","DL_SequenceNo":"6"},{"DL_Id":"74","DL_PageWidgetId":"9","DL_Title":"Vis detaljer","DL_CssClass":"fa fa-gear","DL_Type":"row","DL_Action":"loadentity('DL_D410',%DL_Id%)","DL_SequenceNo":"2"},{"DL_Id":"75","DL_PageWidgetId":"9","DL_Title":"Historik","DL_CssClass":"fa fa-database","DL_Type":"row","DL_Action":"loadcontent2(\"/EX_Resources/EXSearchDifference.html?DLD410=%DL_Id%\",%DL_Title%)","DL_SequenceNo":"4"},{"DL_Id":"76","DL_PageWidgetId":"18","DL_Title":"Slet","DL_CssClass":"fa fa-remove","DL_Type":"row","DL_Action":"EXdeleteentity('DL_D410',%DL_Id%,'',null,true,undefined)","DL_SequenceNo":"6"},{"DL_Id":"77","DL_PageWidgetId":"18","DL_Title":"Vis detaljer","DL_CssClass":"fa fa-gear","DL_Type":"row","DL_Action":"loadentity('DL_D410',%DL_Id%)","DL_SequenceNo":"2"},{"DL_Id":"78","DL_PageWidgetId":"18","DL_Title":"Historik","DL_CssClass":"fa fa-database","DL_Type":"row","DL_Action":"loadcontent2(\"/EX_Resources/EXSearchDifference.html?DLD410=%DL_Id%\",%DL_Title%)","DL_SequenceNo":"4"},{"DL_Id":"79"},{"DL_Id":"80","DL_PageWidgetId":"43","DL_Title":"Slet","DL_CssClass":"fa fa-remove","DL_Type":"row","DL_Action":"EXdeleteentity('DL_D410',%DL_Id%,'',null,true,undefined)","DL_SequenceNo":"6"},{"DL_Id":"81","DL_PageWidgetId":"43","DL_Title":"Vis detaljer","DL_CssClass":"fa fa-gear","DL_Type":"row","DL_Action":"loadentity('DL_D410',%DL_Id%)","DL_SequenceNo":"2"},{"DL_Id":"82","DL_PageWidgetId":"43","DL_Title":"Historik","DL_CssClass":"fa fa-database","DL_Type":"row","DL_Action":"loadcontent2(\"/EX_Resources/EXSearchDifference.html?DLD410=%DL_Id%\",%DL_Title%)","DL_SequenceNo":"4"},{"DL_Id":"83","DL_PageWidgetId":"71","DL_Title":"Slet","DL_CssClass":"fa fa-remove","DL_Type":"row","DL_Action":"EXdeleteentity('DL_D410',%DL_Id%,'',null,true,undefined)","DL_SequenceNo":"6"},{"DL_Id":"84","DL_PageWidgetId":"71","DL_Title":"Vis detaljer","DL_CssClass":"fa fa-gear","DL_Type":"row","DL_Action":"loadentity('DL_D410',%DL_Id%)","DL_SequenceNo":"2"},{"DL_Id":"85","DL_PageWidgetId":"71","DL_Title":"Historik","DL_CssClass":"fa fa-database","DL_Type":"row","DL_Action":"loadcontent2(\"/EX_Resources/EXSearchDifference.html?DLD410=%DL_Id%\",%DL_Title%)","DL_SequenceNo":"4"},{"DL_Id":"86","DL_PageWidgetId":"64","DL_Title":"Slet","DL_CssClass":"fa fa-remove","DL_Type":"row","DL_Action":"EXdeleteentity('DL_Favorites',%DL_Id%,'',null,true,undefined)"},{"DL_Id":"87","DL_PageWidgetId":"73","DL_Title":"Vis detaljer","DL_CssClass":"fa fa-gear","DL_Type":"row","DL_Action":"loadentity('DL_D410',%DL_Id%)","DL_SequenceNo":"2"},{"DL_Id":"88","DL_PageWidgetId":"73","DL_Title":"Historik","DL_CssClass":"fa fa-database","DL_Type":"row","DL_Action":"loadcontent2(\"/EX_Resources/EXSearchDifference.html?DLD410=%DL_Id%\",%DL_Title%)","DL_SequenceNo":"4"},{"DL_Id":"89","DL_PageWidgetId":"73","DL_Title":"Slet","DL_CssClass":"fa fa-remove","DL_Type":"row","DL_Action":"EXdeleteentity('DL_D410',%DL_Id%,'',null,true,undefined)","DL_SequenceNo":"6"},{"DL_Id":"90","DL_Created":"2017-08-01T12:58:20.720","DL_Modified":"2017-08-01T12:58:20.720","DL_PageWidgetId":"28","DL_Title":"Slet","DL_CssClass":"fa fa-remove","DL_Type":"row","DL_Action":"EXdeleteentity('DL_PersonAddress',%DL_Id%)"},{"DL_Id":"91","DL_Created":"2017-08-02T08:01:35.283","DL_Modified":"2017-08-02T08:01:35.283","DL_PageWidgetId":"72","DL_Title":"Slet","DL_CssClass":"fa fa-remove","DL_Type":"row","DL_Action":"FEARemovePersonFromNameList(#DL_NameList#,%DL_Id%,%DL_Type%)","DL_SequenceNo":"6"},{"DL_Id":"92","DL_Created":"2017-08-02T08:03:14.360","DL_Modified":"2017-08-02T08:03:14.360","DL_PageWidgetId":"72","DL_Title":"Vis addresse","DL_CssClass":"fa fa-address-card","DL_Type":"row","DL_Action":"FEAShowPersonAddresses(#DL_NameList#,%DL_Id%,%DL_Name%)","DL_SequenceNo":"2"},{"DL_Id":"93","DL_Created":"2017-08-02T08:04:07.197","DL_Modified":"2017-08-02T08:04:07.197","DL_PageWidgetId":"72","DL_Title":"Vis e-mail","DL_CssClass":"fa fa-envelope","DL_Type":"row","DL_Action":"FEAShowPersonEmails(#DL_NameList#,%DL_Id%,%DL_Name%);","DL_SequenceNo":"4"},{"DL_Id":"94","DL_Created":"2017-08-04T14:11:16.153","DL_Modified":"2017-08-04T14:11:16.153","DL_PageWidgetId":"12","DL_Title":"Gå til udvalget","DL_CssClass":"fa fa-search","DL_Type":"row","DL_Action":"EXGotoObject('FEA_Udvalg',%FEA_Udvalg%)","DL_SequenceNo":"2"},{"DL_Id":"95","DL_Created":"2017-08-04T14:17:00.767","DL_Modified":"2017-08-04T14:17:00.767","DL_PageWidgetId":"30","DL_Title":"Tilføj som bogmærke","DL_CssClass":"fa fa-star-o","DL_Type":"header","DL_Action":"javascript:EXAddToFavorites('DL_Person',#DL_Id#);","DL_SequenceNo":"2"},{"DL_Id":"96","DL_Created":"2017-08-06T09:46:43.167","DL_Modified":"2017-08-06T09:46:43.167","DL_PageWidgetId":"49","DL_Title":"Slet","DL_CssClass":"fa fa-remove","DL_Type":"row","DL_Action":"EXdeleteentity('DL_NameListPersonExtra',%DL_Id%,'Slet den unikke adresse?',false,false,false)","DL_SequenceNo":"2"}]}}